feature,segment,category,applicants,defaults,default_rate
education_927M,Overall,10795bac,218145,18294,0.083862
education_927M,Overall,242b264b,218669,58204,0.266174
education_927M,Overall,2d4a2bc4,142013,66366,0.467323
education_927M,Overall,6def22f0,279658,43343,0.154986
education_927M,Overall,f937ecaa,141515,5545,0.039183
education_927M,Established,10795bac,153314,9241,0.060275
education_927M,Established,242b264b,152960,35251,0.230459
education_927M,Established,2d4a2bc4,99285,43841,0.441567
education_927M,Established,6def22f0,195468,24078,0.123181
education_927M,Established,f937ecaa,99152,2462,0.024831
education_927M,Thin-file,10795bac,64831,9053,0.139640
education_927M,Thin-file,242b264b,65709,22953,0.349313
education_927M,Thin-file,2d4a2bc4,42728,22525,0.527172
education_927M,Thin-file,6def22f0,84190,19265,0.228828
education_927M,Thin-file,f937ecaa,42363,3083,0.072776
maritalstatus_703M,Overall,b58630a7,250546,48258,0.192611
maritalstatus_703M,Overall,e78cb9c0,250588,48044,0.191725
maritalstatus_703M,Overall,ea6fb4b5,249337,47619,0.190982
maritalstatus_703M,Overall,f62a4fc7,249529,47831,0.191685
maritalstatus_703M,Established,b58630a7,175330,28804,0.164284
maritalstatus_703M,Established,e78cb9c0,175723,28817,0.163991
maritalstatus_703M,Established,ea6fb4b5,174489,28512,0.163403
maritalstatus_703M,Established,f62a4fc7,174637,28740,0.164570
maritalstatus_703M,Thin-file,b58630a7,75216,19454,0.258642
maritalstatus_703M,Thin-file,e78cb9c0,74865,19227,0.256822
maritalstatus_703M,Thin-file,ea6fb4b5,74848,19107,0.255277
maritalstatus_703M,Thin-file,f62a4fc7,74892,19091,0.254914
description_5085714M,Overall,34bbcd2a,98944,43756,0.442230
description_5085714M,Overall,3802c3d2,142506,13230,0.092838
description_5085714M,Overall,4dc79565,108166,27028,0.249875
description_5085714M,Overall,521190c5,142981,22585,0.157958
description_5085714M,Overall,5568a5e6,99465,2451,0.024642
description_5085714M,Overall,6ef3de40,108117,5823,0.053858
description_5085714M,Overall,MISSING,299821,76879,0.256416
description_5085714M,Established,34bbcd2a,98944,43756,0.442230
description_5085714M,Established,3802c3d2,142506,13230,0.092838
description_5085714M,Established,4dc79565,108166,27028,0.249875
description_5085714M,Established,521190c5,142981,22585,0.157958
description_5085714M,Established,5568a5e6,99465,2451,0.024642
description_5085714M,Established,6ef3de40,108117,5823,0.053858
description_5085714M,Thin-file,MISSING,299821,76879,0.256416
