feature,role,dtype,unique_values,unknown_count,unknown_rate,mean,median,standard_deviation,minimum,p01,p99,maximum
case_id,identifier,int64,1000000,0,0.000000,500000.500000,500000.500000,288675.278932,1.000000,10000.990000,990000.010000,1000000.000000
date_decision,time,str,92,0,0.000000,,,,,,,
MONTH,time,int64,21,0,0.000000,201948.289559,201911.000000,48.800468,201901.000000,201901.000000,202009.000000,202009.000000
WEEK_NUM,time,int64,92,0,0.000000,45.498973,45.000000,26.560375,0.000000,0.000000,91.000000,91.000000
target,target,int64,2,0,0.000000,0.191752,0.000000,0.393679,0.000000,0.000000,1.000000,1.000000
mainoccupationinc_384A,numeric,float64,64512,49651,0.049651,24477.415393,22021.000000,11911.971994,2515.000000,7516.000000,64417.560000,174473.000000
credamount_770A,numeric,float64,50963,19959,0.019959,16730.809971,14760.000000,8932.874580,1447.000000,4610.000000,47330.000000,150395.000000
annuity_780A,numeric,float64,5610,99677,0.099677,1242.750132,1097.000000,661.880406,79.000000,342.000000,3505.000000,12069.000000
days_employed_700P,numeric,float64,4894,150571,0.150571,1524.346248,1502.000000,902.202133,0.000000,0.000000,3711.000000,5852.000000
education_927M,categorical,str,5,0,0.000000,,,,,,,
maritalstatus_703M,categorical,str,4,0,0.000000,,,,,,,
riskassesment_940T,numeric,float64,9581,334965,0.334965,0.499770,0.499600,0.208339,0.010200,0.088700,0.910600,0.993900
numberofqueries_146L,numeric,float64,20,299821,0.299821,2.997915,3.000000,1.998898,0.000000,0.000000,9.000000,18.000000
description_5085714M,categorical,str,7,299821,0.299821,,,,,,,
applprev_rowcount,numeric,float64,5,0,0.000000,1.997547,2.000000,1.413834,0.000000,0.000000,4.000000,4.000000
credamount_590A_mean,numeric,float64,106363,200099,0.200099,9742.005392,8854.500000,4750.295795,457.000000,2709.000000,26103.250000,174258.000000
credamount_590A_max,numeric,float64,44206,200099,0.200099,13554.901083,11924.000000,7818.695959,457.000000,2767.000000,40718.000000,184868.000000
credamount_590A_median,numeric,float64,49567,200099,0.200099,9283.134083,8328.500000,4726.432384,457.000000,2642.000000,25875.500000,174258.000000
status_219L_a2839ee4,numeric,float64,5,0,0.000000,0.665685,0.000000,0.815149,0.000000,0.000000,3.000000,4.000000
status_219L_dedbd039,numeric,float64,5,0,0.000000,0.665343,0.000000,0.815642,0.000000,0.000000,3.000000,4.000000
status_219L_fa96ae9d,numeric,float64,5,0,0.000000,0.666519,0.000000,0.817825,0.000000,0.000000,3.000000,4.000000
person_rowcount,binary,int64,2,0,0.000000,1.500222,2.000000,0.500000,1.000000,1.000000,2.000000,2.000000
mainoccupationinc_384A_mean,numeric,float64,97294,26178,0.026178,24495.207638,22599.000000,10503.210563,2667.000000,8325.000000,59115.790000,193361.000000
mainoccupationinc_384A_max,numeric,float64,68273,26178,0.026178,27331.331701,24974.000000,12581.272114,2667.000000,8389.000000,68608.000000,203989.000000
mainoccupationinc_384A_median,numeric,float64,97294,26178,0.026178,24495.207638,22599.000000,10503.210563,2667.000000,8325.000000,59115.790000,193361.000000
income_total,numeric,float64,91015,0,0.000000,34909.283598,31882.500000,19628.504051,0.000000,0.000000,92457.010000,230138.000000
empl_employedtotal_800L_mean,numeric,float64,4065,119895,0.119895,60.307600,60.000000,27.641753,0.000000,0.000000,127.500000,213.600000
empl_employedtotal_800L_max,numeric,float64,1842,119895,0.119895,66.353598,66.600000,29.928310,0.000000,0.000000,135.800000,213.600000
empl_employedtotal_800L_median,numeric,float64,4065,119895,0.119895,60.307600,60.000000,27.641753,0.000000,0.000000,127.500000,213.600000
has_second_person,binary,bool,2,0,0.000000,0.500222,1.000000,0.500000,0.000000,0.000000,1.000000,1.000000
housingtype_772M_2339333a,numeric,int64,3,0,0.000000,0.299614,0.000000,0.500062,0.000000,0.000000,2.000000,2.000000
housingtype_772M_39303e4a,numeric,int64,3,0,0.000000,0.300252,0.000000,0.500493,0.000000,0.000000,2.000000,2.000000
housingtype_772M_97bb64e3,numeric,int64,3,0,0.000000,0.300384,0.000000,0.500260,0.000000,0.000000,2.000000,2.000000
housingtype_772M_a19ac633,numeric,int64,3,0,0.000000,0.300032,0.000000,0.500397,0.000000,0.000000,2.000000,2.000000
housingtype_772M_c93f8128,numeric,int64,3,0,0.000000,0.299940,0.000000,0.499714,0.000000,0.000000,2.000000,2.000000
tax_rowcount,numeric,float64,4,0,0.000000,1.499786,2.000000,1.118043,0.000000,0.000000,3.000000,3.000000
amount_4527230A_mean,numeric,float64,128532,250148,0.250148,24026.106278,22774.000000,8385.721397,3917.000000,9797.000000,50688.490000,147877.000000
amount_4527230A_max,numeric,float64,60882,250148,0.250148,28652.200786,26870.000000,11372.902778,3917.000000,9950.510000,64206.490000,185045.000000
amount_4527230A_median,numeric,float64,78997,250148,0.250148,23685.630935,22333.000000,8507.314205,3917.000000,9686.000000,50792.000000,147877.000000
name_4527232M_22eca1b4,numeric,float64,4,0,0.000000,0.149971,0.000000,0.383739,0.000000,0.000000,1.000000,3.000000
name_4527232M_28a6bf7a,numeric,float64,4,0,0.000000,0.150022,0.000000,0.384169,0.000000,0.000000,1.000000,3.000000
name_4527232M_2e8792b8,numeric,float64,4,0,0.000000,0.150349,0.000000,0.384596,0.000000,0.000000,1.000000,3.000000
name_4527232M_4086b8cf,numeric,float64,4,0,0.000000,0.150370,0.000000,0.384808,0.000000,0.000000,1.000000,3.000000
name_4527232M_43036c45,numeric,float64,4,0,0.000000,0.149678,0.000000,0.383566,0.000000,0.000000,1.000000,3.000000
name_4527232M_5fd4af02,numeric,float64,4,0,0.000000,0.149379,0.000000,0.383496,0.000000,0.000000,1.000000,3.000000
name_4527232M_69c767ed,numeric,float64,4,0,0.000000,0.149712,0.000000,0.383878,0.000000,0.000000,1.000000,3.000000
name_4527232M_ab4fffa8,numeric,float64,4,0,0.000000,0.150237,0.000000,0.384409,0.000000,0.000000,1.000000,3.000000
name_4527232M_e30629fa,numeric,float64,4,0,0.000000,0.150326,0.000000,0.384250,0.000000,0.000000,1.000000,3.000000
name_4527232M_e4848b42,numeric,float64,4,0,0.000000,0.149742,0.000000,0.383778,0.000000,0.000000,1.000000,3.000000
bureau_rowcount,numeric,float64,9,0,0.000000,3.155263,3.000000,2.817999,0.000000,0.000000,8.000000,8.000000
credamount_770A_mean,numeric,float64,265369,299821,0.299821,15444.618729,14557.250000,5798.578400,1237.000000,5729.500000,34127.070000,133662.000000
credamount_770A_max,numeric,float64,60323,299821,0.299821,24031.960940,22023.000000,11472.507520,1237.000000,6058.000000,61686.440000,236011.000000
credamount_770A_median,numeric,float64,58437,299821,0.299821,14494.879941,13505.000000,5766.171513,1237.000000,5457.000000,33647.000000,133662.000000
overdueamountmax_950A_mean,numeric,float64,17227,337107,0.337107,288.799752,259.000000,220.733393,0.000000,0.000000,951.666667,2101.000000
overdueamountmax_950A_max,numeric,float64,1940,337107,0.337107,529.917932,525.000000,346.058867,0.000000,0.000000,1372.000000,2252.000000
overdueamountmax_950A_median,numeric,float64,2800,337107,0.337107,258.909781,214.500000,241.896762,0.000000,0.000000,969.500000,2101.000000
pmts_dpdvalue_108P_mean,numeric,float64,10742,299821,0.299821,9.698651,8.900000,6.558527,0.000000,0.000000,28.175000,61.000000
pmts_dpdvalue_108P_max,numeric,float64,598,299821,0.299821,17.849793,17.900000,9.837023,0.000000,0.000000,41.000000,67.600000
pmts_dpdvalue_108P_median,numeric,float64,1196,299821,0.299821,8.957279,8.100000,7.250474,0.000000,0.000000,28.700000,61.000000
payment_rowcount_sum,numeric,float64,24,0,0.000000,4.729114,4.000000,4.668039,0.000000,0.000000,16.000000,23.000000
pmts_overdue_1140A_contractmax_max,numeric,float64,576,359745,0.359745,165.658255,167.000000,95.155144,0.000000,0.000000,391.000000,651.000000
pmts_overdue_1140A_allpayments_mean,numeric,float64,9435,359745,0.359745,76.941040,72.000000,51.508683,0.000000,0.000000,239.500000,579.000000
pmts_overdue_1140A_allpayments_median,numeric,float64,817,359745,0.359745,64.036069,54.000000,58.890211,0.000000,0.000000,245.000000,579.000000
classificationofcontr_13M_01851564,numeric,float64,9,0,0.000000,0.487250,0.000000,0.996422,0.000000,0.000000,4.000000,8.000000
classificationofcontr_13M_54ddc605,numeric,float64,9,0,0.000000,0.445284,0.000000,1.223210,0.000000,0.000000,6.000000,8.000000
classificationofcontr_13M_6f5666c7,numeric,float64,9,0,0.000000,0.447827,0.000000,1.226805,0.000000,0.000000,6.000000,8.000000
classificationofcontr_13M_ba38dde4,numeric,float64,9,0,0.000000,0.643237,0.000000,1.112576,0.000000,0.000000,5.000000,8.000000
classificationofcontr_13M_d8bf6dd7,numeric,float64,9,0,0.000000,0.644917,0.000000,1.115406,0.000000,0.000000,5.000000,8.000000
classificationofcontr_13M_fe64f125,numeric,float64,9,0,0.000000,0.486748,0.000000,0.994364,0.000000,0.000000,4.000000,8.000000
n_unknown,numeric,int64,29,0,0.000000,6.633086,3.000000,6.637431,0.000000,0.000000,21.000000,28.000000
is_thin_file,binary,int64,2,0,0.000000,0.299821,0.000000,0.458180,0.000000,0.000000,1.000000,1.000000
has_prior_application,binary,int64,2,0,0.000000,0.799901,1.000000,0.400074,0.000000,0.000000,1.000000,1.000000
has_tax_record,binary,int64,2,0,0.000000,0.749852,1.000000,0.433098,0.000000,0.000000,1.000000,1.000000
external_coverage,numeric,int64,4,0,0.000000,2.249932,2.000000,0.747032,0.000000,0.000000,3.000000,3.000000
total_external_records,numeric,float64,16,0,0.000000,6.652596,6.000000,3.343547,0.000000,0.000000,14.000000,15.000000
age_in_years,numeric,float64,18505,0,0.000000,46.300965,46.281580,14.140887,20.991533,22.283825,70.377900,71.694833
annuity_to_income,numeric,float64,831861,144433,0.144433,0.062784,0.049844,0.048184,0.002273,0.010233,0.242151,1.338481
credit_to_income,numeric,float64,928420,68635,0.068635,0.844838,0.670393,0.647836,0.022989,0.137764,3.260503,20.641617
credit_to_annuity,numeric,float64,849263,117616,0.117616,17.292845,13.465111,13.972461,0.519103,2.601624,69.921571,451.055866
income_vs_tax,numeric,float64,711793,287407,0.287407,1.129843,0.968603,0.681976,0.062544,0.268880,3.555071,18.592434
requested_vs_past_credit,numeric,float64,685440,313896,0.313896,1.234780,1.016060,0.867221,0.036726,0.242501,4.402084,40.811368
requested_vs_prior_application,numeric,float64,781868,215983,0.215983,2.119231,1.673143,1.688403,0.047535,0.346732,8.478339,57.584435
employment_share_of_life,numeric,float64,781382,150571,0.150571,0.100281,0.088697,0.071835,0.000000,0.000000,0.325486,0.719737
overdue_to_credit,numeric,float64,576676,337107,0.337107,0.024033,0.021436,0.018914,0.000000,0.000000,0.084996,0.604605
payments_per_contract,numeric,float64,68,299821,0.299821,1.497983,1.500000,0.650706,0.000000,0.000000,3.000000,3.000000
dpd_bucket,numeric,int64,5,299821,0.299821,1.056400,1.000000,0.399679,0.000000,0.000000,2.000000,3.000000
months_since_last_application,numeric,float64,2602,222634,0.222634,33.223858,29.930185,17.812127,0.985626,4.336756,77.470226,86.603696
