feature_1,feature_2,correlation,absolute_correlation
empl_employedtotal_800L_mean,empl_employedtotal_800L_median,1.000000,1.000000
mainoccupationinc_384A_mean,mainoccupationinc_384A_median,1.000000,1.000000
person_rowcount,has_second_person,1.000000,1.000000
amount_4527230A_mean,amount_4527230A_median,0.968488,0.968488
pmts_dpdvalue_108P_mean,pmts_dpdvalue_108P_median,0.958571,0.958571
overdueamountmax_950A_mean,overdueamountmax_950A_median,0.947301,0.947301
credamount_590A_mean,credamount_590A_median,0.945158,0.945158
n_unknown,is_thin_file,0.933797,0.933797
empl_employedtotal_800L_mean,empl_employedtotal_800L_max,0.931399,0.931399
empl_employedtotal_800L_max,empl_employedtotal_800L_median,0.931399,0.931399
credamount_770A_mean,credamount_770A_median,0.931305,0.931305
mainoccupationinc_384A_mean,mainoccupationinc_384A_max,0.927779,0.927779
mainoccupationinc_384A_max,mainoccupationinc_384A_median,0.927779,0.927779
pmts_overdue_1140A_allpayments_mean,pmts_overdue_1140A_allpayments_median,0.913014,0.913014
bureau_rowcount,payment_rowcount_sum,0.905050,0.905050
amount_4527230A_mean,amount_4527230A_max,0.875438,0.875438
mainoccupationinc_384A_max,income_total,0.861503,0.861503
