WEEK_NUM,applicants,overall_default_rate,established_default_rate,thin_file_default_rate
0,10769,0.219240,0.170083,0.335100
1,10722,0.208077,0.161835,0.316677
2,10804,0.208719,0.160122,0.322123
3,10980,0.211931,0.163870,0.324218
4,11049,0.215223,0.164115,0.333134
5,10958,0.209527,0.162611,0.323723
6,10849,0.217992,0.173037,0.325023
7,10665,0.204407,0.157058,0.312866
8,10992,0.214429,0.170817,0.318729
9,10895,0.214135,0.166623,0.323628
10,10856,0.204403,0.161876,0.306059
11,10808,0.207161,0.161615,0.312942
12,10878,0.209781,0.162818,0.317672
13,11097,0.206272,0.163648,0.304128
14,10849,0.204719,0.160714,0.310985
15,10787,0.210531,0.166932,0.312133
16,10908,0.203612,0.161625,0.300242
17,10970,0.205743,0.162258,0.305339
18,11042,0.207118,0.160387,0.317132
19,10904,0.207997,0.164975,0.310752
20,10787,0.199221,0.164003,0.284491
21,10662,0.201088,0.161207,0.291081
22,10747,0.196241,0.161634,0.276780
23,10907,0.205098,0.166907,0.294136
24,10890,0.204867,0.171930,0.281988
25,10990,0.200819,0.163154,0.290323
26,10788,0.203096,0.167311,0.284758
27,10911,0.197690,0.159880,0.287841
28,10770,0.204643,0.167883,0.290263
29,10919,0.204872,0.163016,0.301761
30,10998,0.194490,0.157167,0.277859
31,10845,0.204703,0.164230,0.299200
32,10827,0.201903,0.171885,0.271639
33,10676,0.192862,0.157074,0.277603
34,10903,0.196735,0.167736,0.264544
35,10914,0.197636,0.169755,0.263385
36,11041,0.197989,0.167970,0.266409
37,10702,0.196786,0.165356,0.266546
38,10875,0.201103,0.166623,0.282320
39,10967,0.193672,0.164654,0.262094
40,10999,0.194290,0.164307,0.264242
41,10883,0.195351,0.164126,0.267950
42,10882,0.194358,0.168629,0.255096
43,10605,0.187930,0.162202,0.248111
44,10893,0.191224,0.161429,0.263075
45,10839,0.195313,0.168926,0.255204
46,10791,0.192290,0.170285,0.246934
47,10846,0.186705,0.159208,0.250382
48,10807,0.185250,0.161060,0.241326
49,11262,0.188510,0.165741,0.242515
50,10773,0.189177,0.162399,0.251545
51,10842,0.185482,0.159052,0.247305
52,10930,0.192772,0.174691,0.234075
53,10951,0.184823,0.162515,0.236906
54,10800,0.186574,0.161200,0.245029
55,10788,0.177605,0.152607,0.238110
56,10834,0.183127,0.160165,0.235597
57,10775,0.185244,0.159819,0.243367
58,10864,0.183082,0.160419,0.236549
59,10868,0.187431,0.166316,0.236536
60,10815,0.176514,0.161282,0.212746
61,10917,0.180453,0.166055,0.213787
62,10843,0.191644,0.173799,0.234229
63,10906,0.184669,0.165072,0.228267
64,11018,0.178526,0.162099,0.216031
65,10841,0.182087,0.159535,0.234322
66,10721,0.184031,0.167263,0.223866
67,10989,0.177268,0.159990,0.217510
68,10859,0.181969,0.168651,0.213619
69,10891,0.184097,0.168348,0.220994
70,10840,0.177768,0.160244,0.217562
71,10780,0.177829,0.161940,0.214904
72,10982,0.179567,0.163917,0.215311
73,10762,0.179242,0.165127,0.212806
74,10827,0.178350,0.162717,0.215104
75,10748,0.177149,0.163910,0.207692
76,11009,0.181034,0.166078,0.214964
77,10921,0.168666,0.160972,0.187035
78,10815,0.180213,0.166910,0.210799
79,10942,0.183696,0.170481,0.214945
80,10862,0.175106,0.161261,0.207138
81,10807,0.179513,0.170241,0.200606
82,10911,0.177711,0.166064,0.206189
83,10789,0.174159,0.165591,0.194497
84,10733,0.176465,0.160053,0.214707
85,10722,0.168345,0.157558,0.193478
86,10943,0.173353,0.163098,0.197775
87,10973,0.171512,0.158936,0.200239
88,10844,0.170048,0.160942,0.191371
89,11037,0.172058,0.164268,0.190132
90,10880,0.170956,0.164779,0.185219
91,10940,0.173492,0.164325,0.195850
